Plate_well,Sort_id,Sample_id,Depth,VAF.varscan,VAF.mutect,VAF.platypus,mean_VAF,DNMT3A
2_D8,2_D8,1412,74,0.2432,NA,0.2,0.22160000000000002,MUT
5_E1,5_E1,1943,76,NA,NA,NA,0,WT
6_G3,6_G3,1146,76,NA,NA,NA,0,WT
1_A6,1_A6,1320,78,0.2432,NA,NA,0.2432,MUT
6_C1,6_C1,1127,78,NA,NA,NA,0,WT
6_D4,6_D4,1151,80,NA,NA,NA,0,WT
6_G1,6_G1,1131,81,NA,NA,NA,0,WT
2_E3,2_E3,1379,84,NA,NA,NA,0,WT
6_G6,6_G6,1168,84,NA,NA,NA,0,WT
1_D8,1_D8,1335,85,NA,NA,0.09375,0.09375,MUT
6_C10,6_C10,1193,86,NA,NA,0.137931034,0.137931034,MUT
1_D4,1_D4,1310,89,NA,NA,0.147058824,0.147058824,MUT
1_A10,1_A10,1344,90,NA,NA,NA,0,WT
6_E7,6_E7,1174,96,NA,NA,NA,0,WT
1_D2,1_D2,1296,98,NA,NA,NA,0,WT
3_A9,3_A9,1098,98,NA,NA,NA,0,WT
3_B1,3_B1,1046,99,NA,NA,NA,0,WT
3_E5,3_E5,1075,101,NA,NA,NA,0,WT
1_F2,1_F2,1298,106,NA,NA,NA,0,WT
6_G7,6_G7,1176,108,NA,NA,NA,0,WT
3_F9,3_F9,1102,110,0.1296,NA,NA,0.1296,MUT
1_G1,1_G1,1292,112,NA,NA,0.128205128,0.128205128,MUT
1_E6,1_E6,1324,112,NA,NA,NA,0,WT
3_D3,3_D3,1061,112,NA,NA,NA,0,WT
4_F12,4_F12,949,113,NA,NA,NA,0,WT
2_H7,2_H7,1409,116,NA,NA,NA,0,WT
1_B1,1_B1,1287,120,0.1333,NA,0.085106383,0.10920319149999999,MUT
1_B8,1_B8,1333,121,0.1148,NA,NA,0.1148,MUT
1_B6,1_B6,1321,126,0.1111,NA,NA,0.1111,MUT
1_C3,1_C3,1303,130,0.1515,NA,0.075471698,0.113485849,MUT
2_H5,2_H5,1394,134,NA,NA,NA,0,WT
2_E2,2_E2,1372,135,NA,NA,NA,0,WT
1_D1,1_D1,1289,139,NA,NA,NA,0,WT
2_F5,2_F5,1393,139,NA,NA,NA,0,WT
3_H9,3_H9,1104,140,NA,NA,NA,0,WT
5_E2,5_E2,1950,145,NA,NA,NA,0,WT
2_A7,2_A7,1403,146,0.137,NA,0.131147541,0.13407377050000002,MUT
6_E5,6_E5,1159,146,0.0972,NA,0.090909091,0.0940545455,MUT
1_H4,1_H4,1314,150,0.1067,NA,NA,0.1067,MUT
1_E4,1_E4,1311,150,0.1081,NA,NA,0.1081,MUT
6_C2,6_C2,1135,150,NA,NA,NA,0,WT
6_E8,6_E8,1181,154,0.1184,NA,NA,0.1184,MUT
5_G9,5_G9,1971,156,NA,NA,NA,0,WT
2_C5,2_C5,1391,157,0.1392,NA,NA,0.1392,MUT
6_F8,6_F8,1182,158,0.125,NA,NA,0.125,MUT
6_F12,6_F12,1207,160,0.1375,NA,0.064516129,0.10100806450000001,MUT
1_D7,1_D7,1328,167,NA,NA,NA,0,WT
2_H1,2_H1,1368,168,0.1071,NA,NA,0.1071,MUT
3_D8,3_D8,1094,172,NA,NA,NA,0,WT
2_D12,2_D12,1435,173,0.1059,NA,0.073529412,0.089714706,MUT
2_C8,2_C8,1411,174,0.093,NA,NA,0.093,MUT
6_C9,6_C9,1186,177,NA,NA,NA,0,WT
6_A4,6_A4,1148,177,0.1264,NA,0.119402985,0.12290149250000001,MUT
1_H9,1_H9,1343,178,0.0909,NA,NA,0.0909,MUT
6_E2,6_E2,1137,180,NA,NA,NA,0,WT
6_H4,6_H4,1155,183,0.0989,NA,0.081967213,0.0904336065,MUT
1_E9,1_E9,1340,184,0.0978,NA,NA,0.0978,MUT
6_B10,6_B10,1192,184,NA,NA,NA,0,WT
3_E2,3_E2,1054,186,0.1209,NA,NA,0.1209,MUT
1_C9,1_C9,1338,187,0.1075,NA,NA,0.1075,MUT
5_G6,5_G6,1966,188,0.1304,NA,NA,0.1304,MUT
3_A11,3_A11,1112,190,0.0753,NA,NA,0.0753,MUT
6_G2,6_G2,1139,194,0.0816,NA,NA,0.0816,MUT
4_H7,4_H7,945,196,NA,NA,NA,0,WT
3_E11,3_E11,1116,202,0.13,NA,NA,0.13,MUT
6_D1,6_D1,1128,203,0.15,NA,NA,0.15,MUT
6_E1,6_E1,1129,204,0.1275,NA,0.081081081,0.1042905405,MUT
6_A11,6_A11,1198,206,0.1188,NA,0.108108108,0.113454054,MUT
3_F7,3_F7,1088,208,0.1154,NA,NA,0.1154,MUT
3_D7,3_D7,1086,208,0.0673,NA,NA,0.0673,MUT
6_F3,6_F3,1145,208,0.0865,NA,NA,0.0865,MUT
3_F11,3_F11,1117,210,0.0667,NA,NA,0.0667,MUT
3_D10,3_D10,1108,212,0.1058,NA,0.065789474,0.08579473700000001,MUT
1_C2,1_C2,1295,213,0.1038,NA,0.08974359,0.096771795,MUT
6_H1,6_H1,1132,213,0.0952,NA,NA,0.0952,MUT
5_D5,5_D5,1963,215,0.0748,NA,NA,0.0748,MUT
6_F10,6_F10,1196,219,0.0826,NA,NA,0.0826,MUT
2_B11,2_B11,1429,220,0.1,NA,NA,0.1,MUT
1_C4,1_C4,1309,221,0.1622,NA,0.114942529,0.1385712645,MUT
1_E1,1_E1,1290,226,0.0901,NA,NA,0.0901,MUT
3_B8,3_B8,1092,227,0.0796,NA,NA,0.0796,MUT
6_G4,6_G4,1154,227,0.0982,NA,0.071428571,0.0848142855,MUT
3_B7,3_B7,1085,230,0.0708,NA,NA,0.0708,MUT
3_B3,3_B3,1059,230,0.0965,NA,NA,0.0965,MUT
1_A1,1_A1,1286,231,0.0957,NA,0.098765432,0.097232716,MUT
6_E4,6_E4,1152,240,0.1186,NA,0.069767442,0.094183721,MUT
1_H6,1_H6,1326,242,0.0661,NA,NA,0.0661,MUT
1_E5,1_E5,1317,242,0.1102,NA,NA,0.1102,MUT
2_B12,2_B12,1434,244,0.0992,NA,NA,0.0992,MUT
3_E6,3_E6,1080,244,0.0909,NA,NA,0.0909,MUT
2_G8,2_G8,1415,252,0.1429,NA,NA,0.1429,MUT
3_D9,3_D9,1100,257,0.0781,NA,NA,0.0781,MUT
2_G1,2_G1,1367,259,0.0543,NA,NA,0.0543,MUT
1_E12,1_E12,1359,260,0.062,NA,NA,0.062,MUT
1_H11,1_H11,1355,268,0.1439,NA,0.08,0.11195,MUT
3_H2,3_H2,1057,273,0.1407,NA,0.073684211,0.1071921055,MUT
5_H3,5_H3,1959,276,0.0725,NA,NA,0.0725,MUT
2_H9,2_H9,1421,279,0.0935,NA,NA,0.0935,MUT
6_F7,6_F7,1175,280,0.0942,NA,NA,0.0942,MUT
1_H8,1_H8,1337,281,0.0797,NA,NA,0.0797,MUT
2_A1,2_A1,1363,282,0.1214,NA,NA,0.1214,MUT
3_G12,3_G12,1125,282,0.1071,NA,NA,0.1071,MUT
6_H3,6_H3,1147,284,0.0563,NA,NA,0.0563,MUT
3_B4,3_B4,1066,286,0.0993,NA,0.054054054,0.076677027,MUT
3_C6,3_C6,1078,288,0.1071,NA,NA,0.1071,MUT
2_C7,2_C7,1404,289,0.0833,NA,NA,0.0833,MUT
3_D12,3_D12,1122,289,0.0833,NA,NA,0.0833,MUT
3_G2,3_G2,1056,290,0.1056,NA,0.081818182,0.093709091,MUT
3_H4,3_H4,1071,291,0.069,NA,NA,0.069,MUT
6_C11,6_C11,1200,294,0.0909,NA,NA,0.0909,MUT
3_E9,3_E9,1101,296,0.102,NA,NA,0.102,MUT
2_F4,2_F4,1388,304,0.106,NA,NA,0.106,MUT
6_G11,6_G11,1203,308,0.1242,NA,NA,0.1242,MUT
2_C2,2_C2,1370,310,0.0909,NA,0.060344828,0.075622414,MUT
3_A7,3_A7,1084,311,0.0903,NA,NA,0.0903,MUT
2_G7,2_G7,1408,313,0.1097,NA,NA,0.1097,MUT
6_A3,6_A3,1141,313,0.1338,NA,0.061403509,0.0976017545,MUT
3_B10,3_B10,1106,314,0.0789,NA,NA,0.0789,MUT
2_E7,2_E7,1406,315,0.1019,NA,NA,0.1019,MUT
1_C5,1_C5,1315,320,0.1329,NA,NA,0.1329,MUT
3_E12,3_E12,1123,323,0.0938,NA,NA,0.0938,MUT
1_E7,1_E7,1329,325,0.1173,NA,NA,0.1173,MUT
5_D2,5_D2,1949,325,0.0559,NA,NA,0.0559,MUT
3_F8,3_F8,1095,326,0.0932,NA,0.052173913,0.07268695650000001,MUT
2_A10,2_A10,1422,328,0.1006,NA,NA,0.1006,MUT
2_E5,2_E5,1392,331,0.0798,NA,NA,0.0798,MUT
3_G10,3_G10,1110,334,0.053900000000000003,NA,NA,0.053900000000000003,MUT
1_G6,1_G6,1325,337,0.119,NA,0.057377049,0.0881885245,MUT
6_G10,6_G10,1197,339,0.119,NA,NA,0.119,MUT
1_A4,1_A4,1307,341,0.1065,NA,0.056451613,0.0814758065,MUT
3_E4,3_E4,1068,355,0.0904,NA,NA,0.0904,MUT
3_G9,3_G9,1103,362,0.1167,NA,0.063492063,0.0900960315,MUT
6_A8,6_A8,1178,369,0.0884,NA,NA,0.0884,MUT
4_D7,4_D7,941,372,NA,NA,NA,0,WT
3_C12,3_C12,1121,376,0.0919,NA,NA,0.0919,MUT
6_H6,6_H6,1169,377,0.1129,NA,NA,0.1129,MUT
2_D7,2_D7,1405,379,0.0699,NA,NA,0.0699,MUT
5_C10,5_C10,1973,382,0.1064,NA,NA,0.1064,MUT
2_H12,2_H12,1439,384,0.125,NA,0.070422535,0.0977112675,MUT
3_G3,3_G3,1063,385,0.0681,NA,NA,0.0681,MUT
2_D6,2_D6,1398,390,0.1244,NA,0.076923077,0.10066153850000001,MUT
2_F2,2_F2,1373,391,0.0923,NA,NA,0.0923,MUT
6_B2,6_B2,1134,393,0.1077,NA,0.058394161,0.08304708050000001,MUT
2_E6,2_E6,1399,394,0.0674,NA,NA,0.0674,MUT
3_H6,3_H6,1083,394,0.1071,NA,NA,0.1071,MUT
3_G7,3_G7,1089,397,0.1282,NA,NA,0.1282,MUT
3_D1,3_D1,1048,397,0.1134,NA,NA,0.1134,MUT
2_C10,2_C10,1423,398,0.1269,NA,NA,0.1269,MUT
4_C6,4_C6,937,401,NA,NA,NA,0,WT
1_E10,1_E10,1347,408,0.1084,NA,NA,0.1084,MUT
1_C6,1_C6,1322,408,0.0842,NA,NA,0.0842,MUT
3_H7,3_H7,1090,412,0.0931,NA,NA,0.0931,MUT
6_G8,6_G8,1183,413,0.1165,NA,NA,0.1165,MUT
3_D2,3_D2,1053,415,0.1144,NA,NA,0.1144,MUT
2_B4,2_B4,1384,423,0.0721,NA,NA,0.0721,MUT
3_F10,3_F10,1109,424,0.0711,NA,NA,0.0711,MUT
6_A2,6_A2,1133,429,0.1116,NA,0.126582278,0.119091139,MUT
3_E7,3_E7,1087,436,0.1101,NA,0.075,0.09255,MUT
6_C8,6_C8,1179,437,0.0833,NA,NA,0.0833,MUT
4_G7,4_G7,944,439,NA,NA,NA,0,WT
1_D11,1_D11,1351,448,0.1441,NA,0.076023392,0.110061696,MUT
3_D6,3_D6,1079,454,0.0881,NA,NA,0.0881,MUT
6_F5,6_F5,1160,456,0.1195,NA,0.082352941,0.1009264705,MUT
3_G6,3_G6,1082,459,0.0786,NA,NA,0.0786,MUT
3_D5,3_D5,1074,462,0.1087,NA,NA,0.1087,MUT
6_E9,6_E9,1188,462,0.1096,NA,NA,0.1096,MUT
2_A4,2_A4,1383,478,0.0669,NA,NA,0.0669,MUT
6_B9,6_B9,1185,480,0.089,NA,NA,0.089,MUT
3_A3,3_A3,1058,482,0.0826,NA,NA,0.0826,MUT
1_G11,1_G11,1354,488,0.0792,NA,NA,0.0792,MUT
2_F12,2_F12,1437,496,0.1048,NA,NA,0.1048,MUT
6_H9,6_H9,1190,524,0.0811,NA,NA,0.0811,MUT
6_E11,6_E11,1201,525,0.1034,NA,NA,0.1034,MUT
3_H3,3_H3,1064,526,0.0805,NA,NA,0.0805,MUT
3_C11,3_C11,1114,532,0.1107,NA,NA,0.1107,MUT
4_H10,4_H10,947,543,NA,NA,NA,0,WT
3_B11,3_B11,1113,554,0.1136,NA,0.056122449,0.0848612245,MUT
2_D1,2_D1,1365,556,0.0909,NA,NA,0.0909,MUT
6_H5,6_H5,1162,559,0.1087,NA,0.0625,0.08560000000000001,MUT
3_C8,3_C8,1093,561,0.0794,NA,NA,0.0794,MUT
3_G11,3_G11,1118,567,0.1246,NA,NA,0.1246,MUT
3_A10,3_A10,1105,567,0.1139,NA,NA,0.1139,MUT
4_F5,4_F5,935,568,NA,NA,NA,0,WT
1_B12,1_B12,1357,576,0.1007,NA,NA,0.1007,MUT
6_A10,6_A10,1191,581,0.0865,NA,NA,0.0865,MUT
3_C9,3_C9,1099,582,0.0919,NA,NA,0.0919,MUT
3_H5,3_H5,1077,586,0.113,NA,NA,0.113,MUT
3_F6,3_F6,1081,597,0.0949,NA,NA,0.0949,MUT
3_F4,3_F4,1069,599,0.0816,NA,NA,0.0816,MUT
3_A12,3_A12,1119,599,0.0983,NA,NA,0.0983,MUT
2_E10,2_E10,1425,603,0.1367,NA,0.073059361,0.10487968049999999,MUT
6_D8,6_D8,1180,609,0.0918,NA,NA,0.0918,MUT
3_C3,3_C3,1060,611,0.125,NA,NA,0.125,MUT
2_E12,2_E12,1436,612,0.0789,NA,NA,0.0789,MUT
3_B12,3_B12,1120,614,0.082,NA,NA,0.082,MUT
6_B6,6_B6,1164,614,0.0879,NA,NA,0.0879,MUT
2_D3,2_D3,1378,616,0.08,NA,NA,0.08,MUT
2_B3,2_B3,1377,625,0.1026,NA,0.068965517,0.0857827585,MUT
1_B10,1_B10,1345,626,0.1226,NA,NA,0.1226,MUT
1_A8,1_A8,1332,626,0.1197,NA,NA,0.1197,MUT
3_G1,3_G1,1051,628,0.0935,NA,NA,0.0935,MUT
6_D5,6_D5,1158,628,0.0669,NA,NA,0.0669,MUT
1_A12,1_A12,1356,636,0.0921,NA,NA,0.0921,MUT
5_C2,5_C2,1948,645,0.1129,NA,0.056034483,0.0844672415,MUT
4_D6,4_D6,938,646,NA,NA,NA,0,WT
6_G5,6_G5,1161,648,0.0943,NA,NA,0.0943,MUT
3_B2,3_B2,1052,651,0.1034,NA,NA,0.1034,MUT
6_A5,6_A5,1156,651,0.0966,NA,NA,0.0966,MUT
2_B6,2_B6,1396,661,0.0909,NA,NA,0.0909,MUT
2_A9,2_A9,1417,665,0.1212,NA,0.073469388,0.097334694,MUT
2_C4,2_C4,1385,666,0.1045,NA,NA,0.1045,MUT
2_E1,2_E1,1366,674,0.1075,NA,NA,0.1075,MUT
3_C4,3_C4,1067,679,0.1206,NA,NA,0.1206,MUT
2_E11,2_E11,1431,702,0.086,NA,NA,0.086,MUT
3_F12,3_F12,1124,702,0.0954,NA,NA,0.0954,MUT
6_G9,6_G9,1189,723,0.1105,NA,0.080769231,0.09563461549999999,MUT
5_C11,5_C11,1974,730,0.0763,NA,NA,0.0763,MUT
2_A6,2_A6,1395,749,0.1237,NA,0.063909774,0.093804887,MUT
4_D2,4_D2,917,753,NA,NA,NA,0,WT
2_C6,2_C6,1397,774,0.0907,NA,NA,0.0907,MUT
2_F10,2_F10,1426,781,0.0979,NA,NA,0.0979,MUT
2_A8,2_A8,1410,795,0.1139,NA,NA,0.1139,MUT
2_A12,2_A12,1433,807,0.0898,NA,NA,0.0898,MUT
1_D5,1_D5,1316,810,0.135,NA,0.071942446,0.103471223,MUT
2_H6,2_H6,1402,821,0.0737,NA,NA,0.0737,MUT
2_A3,2_A3,1376,848,0.0879,NA,NA,0.0879,MUT
3_C1,3_C1,1047,855,0.1108,NA,0.082539683,0.09666984149999999,MUT
3_A5,3_A5,1072,889,0.0903,NA,NA,0.0903,MUT
5_A2,5_A2,1946,889,0.093,NA,NA,0.093,MUT
1_B11,1_B11,1350,933,0.1142,NA,0.051829268,0.083014634,MUT
3_F1,3_F1,1050,936,0.1352,NA,0.091194969,0.1131974845,MUT
6_B5,6_B5,1157,947,0.1191,NA,0.076246334,0.097673167,MUT
2_G12,2_G12,1438,950,0.0892,NA,NA,0.0892,MUT
6_H7,6_H7,1177,976,0.107,NA,0.080118694,0.093559347,MUT
4_H3,4_H3,925,978,NA,NA,NA,0,WT
6_B12,6_B12,1205,999,0.0972,NA,NA,0.0972,MUT
6_F11,6_F11,1202,1016,0.1168,NA,0.075842697,0.0963213485,MUT
6_B11,6_B11,1199,1035,0.1155,NA,NA,0.1155,MUT
3_E1,3_E1,1049,1037,0.1092,NA,0.068681319,0.0889406595,MUT
6_E10,6_E10,1195,1058,0.1031,NA,NA,0.1031,MUT
2_C1,2_C1,1364,1079,0.1049,NA,NA,0.1049,MUT
2_F7,2_F7,1407,1099,0.085,NA,NA,0.085,MUT
2_H4,2_H4,1389,1150,0.0972,NA,NA,0.0972,MUT
6_H11,6_H11,1204,1167,0.1052,NA,NA,0.1052,MUT
2_G3,2_G3,1381,1174,0.0848,NA,NA,0.0848,MUT
2_F9,2_F9,1420,1231,0.0918,NA,NA,0.0918,MUT
1_D10,1_D10,1346,1268,0.0952,NA,NA,0.0952,MUT
5_A3,5_A3,1952,1446,0.0798,NA,NA,0.0798,MUT
3_F2,3_F2,1055,1475,0.1149,NA,NA,0.1149,MUT
1_H10,1_H10,1349,1477,0.0941,NA,NA,0.0941,MUT
2_F3,2_F3,1380,1685,0.1074,NA,NA,0.1074,MUT
4_C3,4_C3,921,1905,NA,NA,NA,0,WT
6_C7,6_C7,1172,2036,0.105,NA,NA,0.105,MUT
4_H8,4_H8,946,2346,NA,NA,NA,0,WT
2_E9,2_E9,1419,2384,0.1061,NA,NA,0.1061,MUT
2_A11,2_A11,1428,2589,0.1234,NA,NA,0.1234,MUT
4_B2,4_B2,915,2649,NA,NA,NA,0,WT
4_D5,4_D5,933,3032,NA,NA,NA,0,WT
4_D3,4_D3,922,3247,NA,NA,NA,0,WT
4_B1,4_B1,907,3373,NA,NA,NA,0,WT
4_D1,4_D1,909,3495,NA,NA,NA,0,WT
4_F3,4_F3,923,3548,NA,NA,NA,0,WT
4_F4,4_F4,929,4334,NA,NA,NA,0,WT
4_H11,4_H11,948,4510,NA,NA,NA,0,WT
4_B3,4_B3,920,5017,NA,NA,NA,0,WT
4_C4,4_C4,927,5217,NA,NA,NA,0,WT
4_A2,4_A2,914,5225,NA,NA,NA,0,WT
4_D4,4_D4,928,5280,NA,NA,NA,0,WT
4_G1,4_G1,912,5566,NA,NA,NA,0,WT
4_C1,4_C1,908,6297,NA,NA,NA,0,WT
4_H1,4_H1,913,6657,NA,NA,NA,0,WT
4_C2,4_C2,916,6693,NA,NA,NA,0,WT
4_G2,4_G2,918,7190,NA,NA,NA,0,WT
4_F1,4_F1,911,7455,NA,NA,NA,0,WT
4_E6,4_E6,939,7478,NA,NA,NA,0,WT
4_E1,4_E1,910,7638,NA,NA,NA,0,WT
4_C5,4_C5,932,7638,NA,NA,NA,0,WT
4_G4,4_G4,930,7909,NA,NA,NA,0,WT
4_A4,4_A4,926,8480,NA,NA,NA,0,WT
4_H2,4_H2,919,10737,NA,NA,NA,0,WT
4_E5,4_E5,934,12454,NA,NA,NA,0,WT
